﻿<?xml version="1.0" encoding="UTF-8" standalone="yes"?>
<Picture>
	<PictureVariant name="85.png" screenDensity="bldpi" glyphWidth="171" glyphHeight="129"/>
	<PictureVariant name="100.png" screenDensity="ldpi" glyphWidth="200" glyphHeight="152"/>
	<PictureVariant name="125.png" screenDensity="aldpi" glyphWidth="250" glyphHeight="190"/>
	<PictureVariant name="150.png" screenDensity="mdpi" glyphWidth="300" glyphHeight="228"/>
	<PictureVariant name="175.png" screenDensity="amdpi" glyphWidth="350" glyphHeight="266"/>
	<PictureVariant name="200.png" screenDensity="hdpi" glyphWidth="400" glyphHeight="304"/>
	<PictureVariant name="300.png" screenDensity="xdpi" glyphWidth="600" glyphHeight="456"/>
	<PictureVariant name="400.png" screenDensity="udpi" glyphWidth="800" glyphHeight="608"/>
</Picture>