﻿<?xml version="1.0" encoding="UTF-8" standalone="yes"?>
<Picture>
	<PictureVariant name="85.png" screenDensity="bldpi" glyphWidth="156" glyphHeight="205"/>
	<PictureVariant name="100.png" screenDensity="ldpi" glyphWidth="182" glyphHeight="241"/>
	<PictureVariant name="125.png" screenDensity="aldpi" glyphWidth="229" glyphHeight="302"/>
	<PictureVariant name="150.png" screenDensity="mdpi" glyphWidth="274" glyphHeight="362"/>
	<PictureVariant name="175.png" screenDensity="amdpi" glyphWidth="319" glyphHeight="422"/>
	<PictureVariant name="200.png" screenDensity="hdpi" glyphWidth="364" glyphHeight="482"/>
	<PictureVariant name="300.png" screenDensity="xdpi" glyphWidth="546" glyphHeight="723"/>
	<PictureVariant name="400.png" screenDensity="udpi" glyphWidth="728" glyphHeight="964"/>
</Picture>
